{"cameraMode":{"drawMode":0,"name":"Shaded","section":"Shading Mode"},"sceneLighting":false,"audioPlay":false,"sceneViewState":{"showFog":true,"showMaterialUpdate":false,"showSkybox":false,"showFlares":true,"showImageEffects":true,"showParticleSystems":true},"in2DMode":false,"pivot":{"x":7.474822998046875,"y":18.149341583251954,"z":45.838829040527347},"rotation":{"x":-0.023268133401870729,"y":-0.968193531036377,"z":0.22955521941184998,"w":-0.0976446345448494},"size":32.51613235473633,"orthographic":false}