{"cameraMode":{"drawMode":0,"name":"Shaded","section":"Shading Mode"},"sceneLighting":false,"audioPlay":false,"sceneViewState":{"showFog":true,"showMaterialUpdate":false,"showSkybox":false,"showFlares":true,"showImageEffects":true,"showParticleSystems":true},"in2DMode":false,"pivot":{"x":51.356300354003909,"y":-13.440238952636719,"z":-3.90032958984375},"rotation":{"x":0.24020564556121827,"y":0.4011920988559723,"z":-0.10987256467342377,"w":0.8771023750305176},"size":118.29537963867188,"orthographic":false}