{"cameraMode":{"drawMode":0,"name":"Shaded","section":"Shading Mode"},"sceneLighting":false,"audioPlay":false,"sceneViewState":{"showFog":true,"showMaterialUpdate":false,"showSkybox":false,"showFlares":true,"showImageEffects":true,"showParticleSystems":true},"in2DMode":false,"pivot":{"x":-0.01905083656311035,"y":0.4600161910057068,"z":-0.4557170867919922},"rotation":{"x":0.26495498418807986,"y":0.3798902928829193,"z":-0.11452782154083252,"w":0.8788648247718811},"size":10.610608100891114,"orthographic":false}