{"cameraMode":{"drawMode":0,"name":"Shaded","section":"Shading Mode"},"sceneLighting":false,"audioPlay":false,"sceneViewState":{"showFog":true,"showMaterialUpdate":false,"showSkybox":false,"showFlares":true,"showImageEffects":true,"showParticleSystems":true},"in2DMode":false,"pivot":{"x":4.470348358154297e-8,"y":0.0449574775993824,"z":0.0},"rotation":{"x":0.26495498418807986,"y":0.3798902928829193,"z":-0.11452782154083252,"w":0.8788648247718811},"size":0.6441228985786438,"orthographic":false}