{"cameraMode":{"drawMode":0,"name":"Shaded","section":"Shading Mode"},"sceneLighting":false,"audioPlay":false,"sceneViewState":{"showFog":true,"showMaterialUpdate":false,"showSkybox":false,"showFlares":true,"showImageEffects":true,"showParticleSystems":true},"in2DMode":false,"pivot":{"x":21.06893539428711,"y":1.0313472747802735,"z":21.23682403564453},"rotation":{"x":0.2432536780834198,"y":0.38759490847587588,"z":-0.10665403306484223,"w":0.882837176322937},"size":29.486738204956056,"orthographic":false}